{"mr_lat": 30.6119687, "results": {"חצבה": [30.7677164, 35.2796246, "צפון"], "ספיר": [30.6140945, 35.1846411, "צפון"], "עידן": [30.8060345, 35.2994035, "צפון"], "עין יהב": [30.6569021, 35.2381753, "צפון"], "עיר אובות": [30.8117804, 35.2469853, "צפון"], "פארן": [30.3626131, 35.1538972, "דרום"], "צופר": [30.5586234, 35.1801426, "דרום"], "צוקים": [30.4910236, 35.1658635, "דרום"], "אשלים": [30.9638905, 34.7002742, "צפון"], "באר מילכה": [30.9328457, 34.4070405, "צפון"], "טללים": [30.9919058, 34.7700732, "צפון"], "כמהין": [30.9100139, 34.4310272, "צפון"], "מדרשת בן גוריון": [30.8515927, 34.7825759, "צפון"], "מחנה טלי": null, "מרחב עם": [30.8886192, 34.828885, "צפון"], "משאבי שדה": [31.0032681, 34.7861244, "צפון"], "ניצנה": [30.8854143, 34.4223384, "צפון"], "ניצני סיני": [30.903912, 34.3968932, "צפון"], "עזוז": [30.7916672, 34.4722219, "צפון"], "רביבים": [31.0431631, 34.7207022, "צפון"], "רוח מדבר": [30.976166, 34.738666, "צפון"], "רתמים": [31.0539263, 34.690428, "צפון"], "שדה בוקר": [30.8737395, 34.7925947, "צפון"], "שלווה במדבר": null}}